{
    "loss": 27.181978225708008,
    "accuracy": 0.4313725531101227
}